nombre producto,precio,link,categoria
Banano Lumbar Pack,$39.990,https://www.thenorthface.cl/banano-lumbar-pack-nf0a3ky6-nf28h,equipamiento
Banano Lumbar Pack,$39.990,https://www.thenorthface.cl/banano-lumbar-pack-nf0a3ky6-nf1q6,equipamiento
Banano Lumbnical - Small,$39.990,https://www.thenorthface.cl/banano-lumbnical-small-nf0a3s7z-nfyrb,equipamiento
Banano Lumbnical - Small,$39.990,https://www.thenorthface.cl/banano-lumbnical-small-nf0a3s7z-nfy32,equipamiento
Bolso Base Camp Duffel - Extra Small,$99.990,https://www.thenorthface.cl/bolso-base-camp-duffel-extra-small-nf0a52ss-nfkz3,equipamiento
Bolso Base Camp Duffel - Extra Small,$99.990,https://www.thenorthface.cl/bolso-base-camp-duffel-extra-small-nf0a52ss-nf5hd,equipamiento
Bolso Base Camp Duffel - Small,$119.990,https://www.thenorthface.cl/bolso-base-camp-duffel-small-nf0a52st-nf5hd,equipamiento
Mochila Borealis,$109.990,https://www.thenorthface.cl/mochila-borealis-nf0a52se-nfkz3,equipamiento
Mochila Borealis,$109.990,https://www.thenorthface.cl/mochila-borealis-nf0a52se-nf4d0,equipamiento
Mochila Borealis Mujer,$109.990,https://www.thenorthface.cl/mochila-borealis-mujer-nf0a52si-nf61v,equipamiento
Mochila Borealis Mujer,$109.990,https://www.thenorthface.cl/mochila-borealis-mujer-nf0a52si-nf212,equipamiento
Mochila Borealis Mujer,$109.990,https://www.thenorthface.cl/mochila-borealis-mujer-nf0a52si-nfep4,equipamiento
Mochila Borealis Mujer,$109.990,https://www.thenorthface.cl/mochila-borealis-mujer-nf0a52si-nfwbw,equipamiento
Mochila Borealis Mujer,$109.990,https://www.thenorthface.cl/mochila-borealis-mujer-nf0a52si-nf1x6,equipamiento
Mochila Borealis Mujer,$109.990,https://www.thenorthface.cl/mochila-borealis-mujer-nf0a52si-nf5y5,equipamiento
Mochila Borealis Unisex,$109.990,https://www.thenorthface.cl/mochila-borealis-unisex-nf0a52se-nf210,equipamiento
Mochila Borealis Unisex,$109.990,https://www.thenorthface.cl/mochila-borealis-unisex-nf0a52se-nfgcc,equipamiento
Mochila Borealis Unisex,$109.990,https://www.thenorthface.cl/mochila-borealis-unisex-nf0a52se-nf20y,equipamiento
Mochila Borealis Unisex,$109.990,https://www.thenorthface.cl/mochila-borealis-unisex-nf0a52se-nf201,equipamiento
Mochila Borealis Unisex,$109.990,https://www.thenorthface.cl/mochila-borealis-unisex-nf0a52se-nfr81,equipamiento
Mochila Borealis Unisex,$109.990,https://www.thenorthface.cl/mochila-borealis-unisex-nf0a52se-nfylm,equipamiento
Mochila Daypack Unisex,$64.990,https://www.thenorthface.cl/mochila-daypack-unisex-nf0a3ky5-nf1q6,equipamiento
Mochila Daypack Unisex,$64.990,https://www.thenorthface.cl/mochila-daypack-unisex-nf0a3ky5-nf23e,equipamiento
Mochila Daypack Unisex,$64.990,https://www.thenorthface.cl/mochila-daypack-unisex-nf0a3ky5-nf28h,equipamiento
Mochila Jester Mujer,$79.990,https://www.thenorthface.cl/mochila-jester-mujer-nf0a3vxg-nf226,equipamiento
Mochila Jester Mujer,$79.990,https://www.thenorthface.cl/mochila-jester-mujer-nf0a3vxg-nf216,equipamiento
Mochila Jester Unisex,$79.990,https://www.thenorthface.cl/mochila-jester-unisex-nf0a3vxf-nfyqr,equipamiento
Mochila Jester Unisex,$79.990,https://www.thenorthface.cl/mochila-jester-unisex-nf0a3vxf-nf1s9,equipamiento
Mochila Jester Unisex,$79.990,https://www.thenorthface.cl/mochila-jester-unisex-nf0a3vxf-nf20e,equipamiento
Mochila Jester Unisex,$79.990,https://www.thenorthface.cl/mochila-jester-unisex-nf0a3vxf-nf21v,equipamiento
Mochila Jester Unisex,$79.990,https://www.thenorthface.cl/mochila-jester-unisex-nf0a3vxf-nf28f,equipamiento
Mochila Jester Unisex,$79.990,https://www.thenorthface.cl/mochila-jester-unisex-nf0a3vxf-nfaz5,equipamiento
Mochila Nieve Slackpack 2.0 Mujer,$119.990,https://www.thenorthface.cl/mochila-nieve-slackpack-2-0-mujer-nf0a4vpu-nf2le,equipamiento
Mochila Nieve Slackpack 2.0 Unisex,$119.990,https://www.thenorthface.cl/mochila-nieve-slackpack-2-0-unisex-nf0a3s99-nftj2,equipamiento
Mochila Nieve Snomad 34 Unisex,$199.990,https://www.thenorthface.cl/mochila-nieve-snomad-34-unisex-nf0a52da-nf21n,equipamiento
Mochila Nieve Snomad 34 Unisex,$199.990,https://www.thenorthface.cl/mochila-nieve-snomad-34-unisex-nf0a52da-nf2k6,equipamiento
Mochila Pivoter Unisex,$74.990,https://www.thenorthface.cl/mochila-pivoter-unisex-nf0a3vxd-nf20e,equipamiento
Mochila Recon,$99.990,https://www.thenorthface.cl/mochila-recon-nf0a52sh-nfylm,equipamiento
Mochila Recon Unisex,$99.990,https://www.thenorthface.cl/mochila-recon-unisex-nf0a52sh-nfr81,equipamiento
Mochila Surge,$139.990,https://www.thenorthface.cl/mochila-surge-nf0a52sg-nfgvv,equipamiento
Mochila Surge Unisex,$139.990,https://www.thenorthface.cl/mochila-surge-unisex-nf0a52sg-nfem6,equipamiento
Mochila Trekking Terra 65 Unisex,$179.990,https://www.thenorthface.cl/mochila-trekking-terra-65-unisex-nf0a3ga5-nfkx7,equipamiento
Mochila Vault Unisex,$54.990,https://www.thenorthface.cl/mochila-vault-unisex-nf0a3vy2-nf5yg,equipamiento
Mochila Vault Unisex,$54.990,https://www.thenorthface.cl/mochila-vault-unisex-nf0a3vy2-nf21v,equipamiento
Banano Advant Lumbar - Small,$39.990,https://www.thenorthface.cl/banano-advant-lumbar-small-nf0a52cs-nfkx7,equipamiento
Banano Lumbnical - S,$39.990,https://www.thenorthface.cl/banano-lumbnical-s-nf0a3s7z-nfmn8,equipamiento
Bolso Base Camp Duffel Medium - 71l,$99.990,https://www.thenorthface.cl/bolso-base-camp-duffel-medium-71l-nf0a3kwh-nf4e7,equipamiento
Carpa Bastion 4,$699.990,https://www.thenorthface.cl/carpa-bastion-4-nf00ca8c-nfc8t,equipamiento
Carpa Stormbreak 3,$279.990,https://www.thenorthface.cl/carpa-stormbreak-3-nf0a3byg-nf3qm,equipamiento
Carpa Triarch 2,$459.990,https://www.thenorthface.cl/carpa-triarch-2-nf0a3bye-nfgne,equipamiento
Carpa Triarch 3,$489.990,https://www.thenorthface.cl/carpa-triarch-3-nf0a3byd-nfgne,equipamiento
Cobertor Mochilas Pack Rain,$19.990,https://www.thenorthface.cl/cobertor-mochilas-pack-rain-nf00ca7z-nf682,equipamiento
Commuter Pack Roll Top,$129.990,https://www.thenorthface.cl/commuter-pack-roll-top-nf0a52tt-nfkx7,equipamiento
Daypack,$64.990,https://www.thenorthface.cl/daypack-nf0a3ky5-nfks7,equipamiento
Flight Trail Vest,$119.990,https://www.thenorthface.cl/flight-trail-vest-nf0a3x27-nfjk3,equipamiento
Flyweight Rolltop,$44.990,https://www.thenorthface.cl/flyweight-rolltop-nf0a3kwq-nfmn8,equipamiento
J-Stake M (8-Pack),$19.990,https://www.thenorthface.cl/j-stake-m-8-pack-awla-nf56p,equipamiento
Jester,$79.990,https://www.thenorthface.cl/jester-nf0a3vxf-nfyxt,equipamiento
Jester,$79.990,https://www.thenorthface.cl/jester-nf0a3vxf-nfjk3,equipamiento
Jester,$79.990,https://www.thenorthface.cl/jester-nf0a3vxf-nf5yg,equipamiento
Maleta Rolling Thunder - 30,$249.990,https://www.thenorthface.cl/maleta-rolling-thunder-30-nf0a3c93-nfjk3,equipamiento
Mochila Borealis Unisex,$109.990,https://www.thenorthface.cl/mochila-borealis-unisex-nf0a52se-nfkx7,equipamiento
Mochila Montaña Cobra 65 Unisex,$319.990,https://www.thenorthface.cl/mochila-montana-cobra-65-unisex-nf0a52d6-nf21w,equipamiento
Mochila Montaña Phantom 38 Unisex,$219.990,https://www.thenorthface.cl/mochila-montana-phantom-38-unisex-nf0a52d7-nf21w,equipamiento
Mochila Montaña Verto 27 Unisex,$149.990,https://www.thenorthface.cl/mochila-montana-verto-27-unisex-nf0a52dd-nf21w,equipamiento
Mochila Recon Unisex,$99.990,https://www.thenorthface.cl/mochila-recon-unisex-nf0a52sh-nfkx7,equipamiento
Mochila Surge Unisex,$139.990,https://www.thenorthface.cl/mochila-surge-unisex-nf0a52sg-nfkx7,equipamiento
Mochila Vault Unisex,$54.990,https://www.thenorthface.cl/mochila-vault-unisex-nf0a3vy2-nfjk3,equipamiento
Mountain 25 Tent,$699.990,https://www.thenorthface.cl/mountain-25-tent-nf0a3s6m-nfc8t,equipamiento
North Dome Chalk Bag,$24.990,https://www.thenorthface.cl/north-dome-chalk-bag-nf0a3s6w-nfjk3,equipamiento
Rolling Thunder - 22,$239.990,https://www.thenorthface.cl/rolling-thunder-22-nf0a3c94-nfjk3,equipamiento
Run Belt,$29.990,https://www.thenorthface.cl/run-belt-nf0a52d4-nfytq,equipamiento
Run Belt,$29.990,https://www.thenorthface.cl/run-belt-nf0a52d4-nfk4b,equipamiento
Saco De Dormir Cat'S Meow,$159.990,https://www.thenorthface.cl/saco-de-dormir-cat-s-meow-nf0a3g69-nf3uc,equipamiento
Saco De Dormir Eco Trail Synthetic 20°f / -7°c,$189.990,https://www.thenorthface.cl/saco-de-dormir-eco-trail-synthetic-20degf-7degc-nf0a3s76-nfq5q,equipamiento
Saco De Dormir Wasatch 0°f / -18°c,$189.970,https://www.thenorthface.cl/saco-de-dormir-wasatch-0degf-18degc-nf00ce74-nfu8d,equipamiento
Saco De Dormir Wasatch 20°f / -7°c,$159.990,https://www.thenorthface.cl/saco-de-dormir-wasatch-20degf-7degc-nf00ce75-nfu9d,equipamiento
Talus Eco 2,$249.990,https://www.thenorthface.cl/talus-eco-2-nf0a3s73-nfpm2,equipamiento
Talus Eco 3,$299.990,https://www.thenorthface.cl/talus-eco-3-nf0a3s74-nfpm2,equipamiento
Ve 25 Tent,$759.990,https://www.thenorthface.cl/ve-25-tent-nf0a3s6l-nfc8t,equipamiento
Wawona 4p,$399.990,https://www.thenorthface.cl/wawona-4p-nf0a52cf-nfz3u,equipamiento
Wawona 6p,$489.990,https://www.thenorthface.cl/wawona-6p-nf0a52ce-nfz3u,equipamiento
Women'S Jester,$79.990,https://www.thenorthface.cl/women-s-jester-nf0a3vxg-nfep4,equipamiento
Women'S Vault,$49.990,https://www.thenorthface.cl/women-s-vault-nf0a3kva-nffb5,equipamiento
Women´s Terra 65,$169.990,https://www.thenorthface.cl/womens-terra-65-nf0a3s8m-55-nfpq5,equipamiento
Berkeley Duffel - M,$89.990,https://www.thenorthface.cl/berkeley-duffel-m-nf0a3kwh-nfks7-os,equipamiento
