nombre producto,precio,link,categoria,fecha
Bota Chilkat Lace Ii Niños,$64.990,https://www.thenorthface.cl/bota-chilkat-lace-ii-nios-nf0a2t5r-nfv6m,niño,2022-07-25
Bota Toddler Alpenglow Ii Niños (4t - 9t),$44.990,https://www.thenorthface.cl/bota-toddler-alpenglow-ii-nios-4t-9t-nf0a3fyo-nfef1,niño,2022-07-25
Bota Toddler Alpenglow Ii Niños (4t - 9t),$44.990,https://www.thenorthface.cl/bota-toddler-alpenglow-ii-nios-4t-9t-nf0a3fyo-nf33k,niño,2022-07-25
Bota Toddler Alpenglow Ii Niños (4t - 9t),$44.990,https://www.thenorthface.cl/bota-toddler-alpenglow-ii-nios-4t-9t-nf0a3fyo-nfkz2,niño,2022-07-25
Chaqueta Antora Rain Niñas,$69.990,https://www.thenorthface.cl/chaqueta-antora-rain-nias-nf0a5j48-nfl4u,niño,2022-07-25
Chaqueta Antora Rain Niños,$69.990,https://www.thenorthface.cl/chaqueta-antora-rain-nios-nf0a5j49-nfm19,niño,2022-07-25
Chaqueta Infant Stormy Rain Triclimate®,$74.990,https://www.thenorthface.cl/chaqueta-infant-stormy-rain-triclimate-nf0a3y8j-nfnxr,niño,2022-07-25
Chaqueta Resolve Reflective (6t-14t) Niñas,$69.990,https://www.thenorthface.cl/chaqueta-resolve-reflective-6t-14t-nias-nf0a55lr-nf174,niño,2022-07-25
Chaqueta Resolve Reflective (6t-14t) Niñas,$69.990,https://www.thenorthface.cl/chaqueta-resolve-reflective-6t-14t-nias-nf0a55lr-nfeej,niño,2022-07-25
Chaqueta Resolve Reflective (6t-14t) Niñas,$69.990,https://www.thenorthface.cl/chaqueta-resolve-reflective-6t-14t-nias-nf0a55lr-nfjc0,niño,2022-07-25
Chaqueta Resolve Reflective (6t-14t) Niños,$69.990,https://www.thenorthface.cl/chaqueta-resolve-reflective-6t-14t-nios-nf0a55lq-nft4s,niño,2022-07-25
Chaqueta Resolve Reflective (6t-14t) Niños,$69.990,https://www.thenorthface.cl/chaqueta-resolve-reflective-6t-14t-nios-nf0a55lq-nfa6m,niño,2022-07-25
Chaqueta Resolve Reflective (6t-14t) Niños,$69.990,https://www.thenorthface.cl/chaqueta-resolve-reflective-6t-14t-nios-nf0a55lq-nfbh7,niño,2022-07-25
Chaqueta Reversible Mount Chimbo Fz Hooded (6t-14t)Niños,$119.990,https://www.thenorthface.cl/chaqueta-reversible-mount-chimbo-fz-hooded-6t-14t-nios-nf0a5aau-nfbh7,niño,2022-07-25
Chaqueta Reversible Mount Chimbo Fz Hooded (6t-14t)Niños,$119.990,https://www.thenorthface.cl/chaqueta-reversible-mount-chimbo-fz-hooded-6t-14t-nios-nf0a5aau-nfjk3,niño,2022-07-25
Chaqueta Reversible Perrito (3m-18m) Unisex,$74.990,https://www.thenorthface.cl/chaqueta-reversible-perrito-3m-18m-unisex-nf0a5gcz-nf0uf,niño,2022-07-25
Chaqueta Reversible Perrito (3m-18m) Unisex,$74.990,https://www.thenorthface.cl/chaqueta-reversible-perrito-3m-18m-unisex-nf0a5gcz-nf1q9,niño,2022-07-25
Chaqueta Reversible Perrito (3m-18m) Unisex,$74.990,https://www.thenorthface.cl/chaqueta-reversible-perrito-3m-18m-unisex-nf0a5gcz-nf21l,niño,2022-07-25
Chaqueta Reversible Perrito (3m-18m) Unisex,$74.990,https://www.thenorthface.cl/chaqueta-reversible-perrito-3m-18m-unisex-nf0a5gcz-nft4s,niño,2022-07-25
Chaqueta Zipline Rain Niños,$49.990,https://www.thenorthface.cl/chaqueta-zipline-rain-nios-nf0a53c4-nfjk3,niño,2022-07-25
Chaqueta Zipline Rain Niños,$49.990,https://www.thenorthface.cl/chaqueta-zipline-rain-nios-nf0a53c4-nfl4u,niño,2022-07-25
Enterito Campshire One-Piece (3m-18m) Unisex,$69.990,https://www.thenorthface.cl/enterito-campshire-one-piece-3m-18m-unisex-nf0a3y6j-nfz74,niño,2022-07-25
Gorro Youth Salty Dog Unisex,$29.990,https://www.thenorthface.cl/gorro-youth-salty-dog-unisex-nf0a3fmu-nfvfb,niño,2022-07-25
Pantalon Freedom Insulated (6t-14t) Niñas,$99.990,https://www.thenorthface.cl/pantalon-freedom-insulated-6t-14t-nias-nf0a5g9d-nf1s2,niño,2022-07-25
Pantalon Freedom Insulated (6t-14t) Niñas,$99.990,https://www.thenorthface.cl/pantalon-freedom-insulated-6t-14t-nias-nf0a5g9d-nfjk3,niño,2022-07-25
Pantalon Freedom Insulated (6t-14t) Niños,$99.990,https://www.thenorthface.cl/pantalon-freedom-insulated-6t-14t-nios-nf0a5g9z-nft4s,niño,2022-07-25
Pantalon Freedom Insulated (6t-14t) Niños,$99.990,https://www.thenorthface.cl/pantalon-freedom-insulated-6t-14t-nios-nf0a5g9z-nfjk3,niño,2022-07-25
Pantufla Thermoball Traction Mule Ii Niña,$39.990,https://www.thenorthface.cl/pantufla-thermoball-traction-mule-ii-nia-nf0a39ux-nf28j,niño,2022-07-25
Polar Campshire Bear Hoodie (6m-18m) Unisex,$54.990,https://www.thenorthface.cl/polar-campshire-bear-hoodie-6m-18m-unisex-nf0a3y6k-nfz74,niño,2022-07-25
Polar Campshire Bear Hoodie (6m-18m) Unisex,$54.990,https://www.thenorthface.cl/polar-campshire-bear-hoodie-6m-18m-unisex-nf0a3y6k-nf286,niño,2022-07-25
Polar Campshire Bear Hoodie (6m-18m) Unisex,$54.990,https://www.thenorthface.cl/polar-campshire-bear-hoodie-6m-18m-unisex-nf0a3y6k-nf2h4,niño,2022-07-25
Polar Y Glacier 1/4 Zip Unisex,$44.990,https://www.thenorthface.cl/polar-y-glacier-1-4-zip-unisex-nf0a5gc3-nft4s,niño,2022-07-25
Polar Y Glacier 1/4 Zip Unisex,$44.990,https://www.thenorthface.cl/polar-y-glacier-1-4-zip-unisex-nf0a5gc3-nf0uf,niño,2022-07-25
Polar Y Glacier Full Zip Hoodie Niños,$49.990,https://www.thenorthface.cl/polar-y-glacier-full-zip-hoodie-nios-nf0a5gbz-nf3c4,niño,2022-07-25
Polar Y Glacier Full Zip Hoodie Niños,$49.990,https://www.thenorthface.cl/polar-y-glacier-full-zip-hoodie-nios-nf0a5gbz-nfjc0,niño,2022-07-25
Polar Y Glacier Full Zip Hoodie Niños,$49.990,https://www.thenorthface.cl/polar-y-glacier-full-zip-hoodie-nios-nf0a5gbz-nf7d6,niño,2022-07-25
Polera S/S Graphic (6t-14t) Niños,$24.990,https://www.thenorthface.cl/polera-s-s-graphic-6t-14t-nios-nf0a3npk-nf3d4,niño,2022-07-25
Toddler Stormy Rain Triclimate®,$89.990,https://www.thenorthface.cl/toddler-stormy-rain-triclimate-nf0a3y8n-nfnxr,niño,2022-07-25
Youth Stormy Rain Triclimate®,$89.990,https://www.thenorthface.cl/youth-stormy-rain-triclimate-nf0a3yaj-nf174,niño,2022-07-25
Zapato Hedgehog Hiker Ii Mid Wp Niña,$64.990,https://www.thenorthface.cl/zapato-hedgehog-hiker-ii-mid-wp-nia-nf0a3fyk-nfzcc,niño,2022-07-25
Chaqueta Warm Storm Rain Niñas,$89.990,https://www.thenorthface.cl/chaqueta-warm-storm-rain-nias-nf0a5a28-nfeej,niño,2022-07-25
Chaqueta Antora Rain Niñas,$69.990,https://www.thenorthface.cl/chaqueta-antora-rain-nias-nf0a5j48-nfjk3,niño,2022-07-25
Chaqueta Antora Rain Niños,$69.990,https://www.thenorthface.cl/chaqueta-antora-rain-nios-nf0a5j49-nfjk3,niño,2022-07-25
Chaqueta Resolve Reflective (6t-14t) Niñas,$69.990,https://www.thenorthface.cl/chaqueta-resolve-reflective-6t-14t-nias-nf0a55lr-nfjk3,niño,2022-07-25
Chaqueta Stormy Rain Triclimate Unisex,$99.990,https://www.thenorthface.cl/chaqueta-stormy-rain-triclimate-unisex-nf0a3yaj-nfjk3,niño,2022-07-25
Junior Hedgehog Hiker Ii Wp,$59.990,https://www.thenorthface.cl/junior-hedgehog-hiker-ii-wp-nf0a3fyl-nfzch,niño,2022-07-25
Junior Hedgehog Hiker Ii Wp,$59.990,https://www.thenorthface.cl/junior-hedgehog-hiker-ii-wp-nf0a3fyl-nf0vy,niño,2022-07-25
Boys' Resolve Reflective Jacket,$69.990,https://www.thenorthface.cl/boys-resolve-reflective-jacket-nf0a55lq-nfjk3,niño,2022-07-25
Polar Camp Fleece P/O Hoodie Niños,$39.990,https://www.thenorthface.cl/polar-camp-fleece-p-o-hoodie-nios-nf0a5gm7-nfs95,niño,2022-07-25
Polar Camp Fleece P/O Hoodie Niños,$39.990,https://www.thenorthface.cl/polar-camp-fleece-p-o-hoodie-nios-nf0a5gm7-nf21l,niño,2022-07-25
